test_id,label
0,PermanentCrop
1,River
2,HerbaceousVegetation
3,SeaLake
4,Highway
5,AnnualCrop
6,SeaLake
7,SeaLake
8,HerbaceousVegetation
9,Pasture
10,SeaLake
11,SeaLake
12,Highway
13,Industrial
14,HerbaceousVegetation
15,Pasture
16,SeaLake
17,AnnualCrop
18,AnnualCrop
19,SeaLake
20,Pasture
21,Industrial
22,SeaLake
23,SeaLake
24,Highway
25,Highway
26,PermanentCrop
27,HerbaceousVegetation
28,HerbaceousVegetation
29,Industrial
30,AnnualCrop
31,PermanentCrop
32,SeaLake
33,AnnualCrop
34,AnnualCrop
35,AnnualCrop
36,SeaLake
37,PermanentCrop
38,SeaLake
39,SeaLake
40,Pasture
41,Pasture
42,Highway
43,SeaLake
44,Pasture
45,PermanentCrop
46,HerbaceousVegetation
47,SeaLake
48,Highway
49,HerbaceousVegetation
50,PermanentCrop
51,SeaLake
52,SeaLake
53,HerbaceousVegetation
54,Industrial
55,PermanentCrop
56,Residential
57,Pasture
58,SeaLake
59,Highway
60,HerbaceousVegetation
61,HerbaceousVegetation
62,Residential
63,Highway
64,SeaLake
65,SeaLake
66,SeaLake
67,SeaLake
68,SeaLake
69,SeaLake
70,SeaLake
71,Pasture
72,Highway
73,SeaLake
74,PermanentCrop
75,Pasture
76,PermanentCrop
77,HerbaceousVegetation
78,Pasture
79,SeaLake
80,PermanentCrop
81,HerbaceousVegetation
82,PermanentCrop
83,Residential
84,SeaLake
85,SeaLake
86,SeaLake
87,PermanentCrop
88,Forest
89,SeaLake
90,HerbaceousVegetation
91,PermanentCrop
92,SeaLake
93,SeaLake
94,Pasture
95,SeaLake
96,River
97,Industrial
98,Residential
99,HerbaceousVegetation
100,SeaLake
101,Residential
102,Forest
103,Residential
104,Pasture
105,PermanentCrop
106,Pasture
107,HerbaceousVegetation
108,SeaLake
109,Industrial
110,Industrial
111,AnnualCrop
112,Forest
113,HerbaceousVegetation
114,HerbaceousVegetation
115,SeaLake
116,Forest
117,Highway
118,SeaLake
119,PermanentCrop
120,SeaLake
121,SeaLake
122,AnnualCrop
123,SeaLake
124,Pasture
125,SeaLake
126,Forest
127,HerbaceousVegetation
128,PermanentCrop
129,HerbaceousVegetation
130,PermanentCrop
131,Pasture
132,SeaLake
133,Pasture
134,HerbaceousVegetation
135,AnnualCrop
136,Pasture
137,Forest
138,Highway
139,SeaLake
140,AnnualCrop
141,SeaLake
142,PermanentCrop
143,Industrial
144,Highway
145,Highway
146,SeaLake
147,HerbaceousVegetation
148,AnnualCrop
149,Forest
150,AnnualCrop
151,Pasture
152,River
153,Pasture
154,HerbaceousVegetation
155,SeaLake
156,SeaLake
157,Industrial
158,Highway
159,HerbaceousVegetation
160,PermanentCrop
161,AnnualCrop
162,Residential
163,Pasture
164,Industrial
165,Highway
166,AnnualCrop
167,Pasture
168,Pasture
169,Highway
170,River
171,SeaLake
172,HerbaceousVegetation
173,SeaLake
174,PermanentCrop
175,SeaLake
176,Residential
177,Forest
178,HerbaceousVegetation
179,SeaLake
180,PermanentCrop
181,SeaLake
182,Forest
183,Highway
184,PermanentCrop
185,Pasture
186,Forest
187,SeaLake
188,Residential
189,SeaLake
190,Pasture
191,Highway
192,Residential
193,Residential
194,SeaLake
195,HerbaceousVegetation
196,Pasture
197,Residential
198,AnnualCrop
199,Highway
200,HerbaceousVegetation
201,SeaLake
202,Highway
203,Highway
204,Pasture
205,SeaLake
206,HerbaceousVegetation
207,Pasture
208,HerbaceousVegetation
209,SeaLake
210,SeaLake
211,Forest
212,Residential
213,HerbaceousVegetation
214,Pasture
215,Pasture
216,SeaLake
217,AnnualCrop
218,Pasture
219,SeaLake
220,Forest
221,SeaLake
222,PermanentCrop
223,HerbaceousVegetation
224,SeaLake
225,SeaLake
226,SeaLake
227,HerbaceousVegetation
228,HerbaceousVegetation
229,PermanentCrop
230,SeaLake
231,PermanentCrop
232,Pasture
233,River
234,AnnualCrop
235,AnnualCrop
236,HerbaceousVegetation
237,SeaLake
238,Pasture
239,Residential
240,Industrial
241,Pasture
242,River
243,PermanentCrop
244,Highway
245,Industrial
246,Highway
247,AnnualCrop
248,SeaLake
249,Pasture
250,SeaLake
251,SeaLake
252,Industrial
253,Forest
254,Highway
255,PermanentCrop
256,AnnualCrop
257,HerbaceousVegetation
258,Highway
259,PermanentCrop
260,PermanentCrop
261,Pasture
262,Forest
263,SeaLake
264,Pasture
265,HerbaceousVegetation
266,SeaLake
267,PermanentCrop
268,River
269,Forest
270,SeaLake
271,SeaLake
272,Residential
273,Residential
274,SeaLake
275,HerbaceousVegetation
276,SeaLake
277,HerbaceousVegetation
278,HerbaceousVegetation
279,SeaLake
280,SeaLake
281,SeaLake
282,River
283,Residential
284,Industrial
285,HerbaceousVegetation
286,Highway
287,Pasture
288,AnnualCrop
289,Residential
290,Forest
291,PermanentCrop
292,SeaLake
293,PermanentCrop
294,Pasture
295,AnnualCrop
296,AnnualCrop
297,SeaLake
298,SeaLake
299,Residential
300,SeaLake
301,Highway
302,Highway
303,Pasture
304,SeaLake
305,Pasture
306,SeaLake
307,PermanentCrop
308,PermanentCrop
309,SeaLake
310,SeaLake
311,PermanentCrop
312,HerbaceousVegetation
313,SeaLake
314,AnnualCrop
315,PermanentCrop
316,Industrial
317,PermanentCrop
318,SeaLake
319,PermanentCrop
320,HerbaceousVegetation
321,Highway
322,SeaLake
323,HerbaceousVegetation
324,Highway
325,SeaLake
326,Highway
327,SeaLake
328,Pasture
329,AnnualCrop
330,River
331,Pasture
332,PermanentCrop
333,Highway
334,HerbaceousVegetation
335,HerbaceousVegetation
336,SeaLake
337,Highway
338,PermanentCrop
339,PermanentCrop
340,Pasture
341,Pasture
342,SeaLake
343,SeaLake
344,HerbaceousVegetation
345,SeaLake
346,Industrial
347,HerbaceousVegetation
348,Residential
349,SeaLake
350,PermanentCrop
351,HerbaceousVegetation
352,PermanentCrop
353,SeaLake
354,Pasture
355,PermanentCrop
356,SeaLake
357,SeaLake
358,SeaLake
359,HerbaceousVegetation
360,SeaLake
361,AnnualCrop
362,River
363,Highway
364,River
365,PermanentCrop
366,Highway
367,Residential
368,PermanentCrop
369,SeaLake
370,PermanentCrop
371,SeaLake
372,SeaLake
373,Residential
374,SeaLake
375,PermanentCrop
376,SeaLake
377,Pasture
378,HerbaceousVegetation
379,PermanentCrop
380,SeaLake
381,Highway
382,SeaLake
383,PermanentCrop
384,Industrial
385,Highway
386,HerbaceousVegetation
387,PermanentCrop
388,PermanentCrop
389,PermanentCrop
390,Industrial
391,SeaLake
392,PermanentCrop
393,PermanentCrop
394,Highway
395,Pasture
396,SeaLake
397,AnnualCrop
398,SeaLake
399,Pasture
400,AnnualCrop
401,Forest
402,HerbaceousVegetation
403,HerbaceousVegetation
404,SeaLake
405,Highway
406,Pasture
407,Highway
408,PermanentCrop
409,Pasture
410,Industrial
411,Residential
412,Residential
413,HerbaceousVegetation
414,Forest
415,AnnualCrop
416,Residential
417,Industrial
418,Pasture
419,Pasture
420,River
421,Pasture
422,Industrial
423,PermanentCrop
424,HerbaceousVegetation
425,Forest
426,AnnualCrop
427,AnnualCrop
428,Pasture
429,Highway
430,HerbaceousVegetation
431,Forest
432,AnnualCrop
433,Highway
434,Highway
435,SeaLake
436,HerbaceousVegetation
437,River
438,SeaLake
439,HerbaceousVegetation
440,Highway
441,SeaLake
442,SeaLake
443,SeaLake
444,Highway
445,HerbaceousVegetation
446,Highway
447,SeaLake
448,HerbaceousVegetation
449,PermanentCrop
450,River
451,SeaLake
452,SeaLake
453,HerbaceousVegetation
454,Residential
455,SeaLake
456,SeaLake
457,Residential
458,AnnualCrop
459,Residential
460,PermanentCrop
461,PermanentCrop
462,Residential
463,SeaLake
464,PermanentCrop
465,SeaLake
466,SeaLake
467,Pasture
468,Highway
469,Pasture
470,Pasture
471,SeaLake
472,HerbaceousVegetation
473,SeaLake
474,AnnualCrop
475,HerbaceousVegetation
476,Pasture
477,Pasture
478,SeaLake
479,PermanentCrop
480,Highway
481,SeaLake
482,River
483,HerbaceousVegetation
484,HerbaceousVegetation
485,Industrial
486,Pasture
487,PermanentCrop
488,SeaLake
489,HerbaceousVegetation
490,HerbaceousVegetation
491,Highway
492,AnnualCrop
493,Highway
494,PermanentCrop
495,SeaLake
496,SeaLake
497,Pasture
498,SeaLake
499,SeaLake
500,PermanentCrop
501,River
502,Forest
503,SeaLake
504,River
505,Industrial
506,SeaLake
507,Residential
508,Highway
509,Forest
510,Residential
511,SeaLake
512,AnnualCrop
513,AnnualCrop
514,SeaLake
515,HerbaceousVegetation
516,Forest
517,PermanentCrop
518,SeaLake
519,PermanentCrop
520,HerbaceousVegetation
521,PermanentCrop
522,AnnualCrop
523,HerbaceousVegetation
524,Pasture
525,HerbaceousVegetation
526,Pasture
527,PermanentCrop
528,SeaLake
529,HerbaceousVegetation
530,Industrial
531,SeaLake
532,Industrial
533,HerbaceousVegetation
534,Pasture
535,PermanentCrop
536,PermanentCrop
537,SeaLake
538,Residential
539,Highway
540,PermanentCrop
541,Highway
542,Industrial
543,PermanentCrop
544,AnnualCrop
545,SeaLake
546,SeaLake
547,Pasture
548,Highway
549,Pasture
550,Highway
551,Pasture
552,AnnualCrop
553,PermanentCrop
554,SeaLake
555,Highway
556,SeaLake
557,SeaLake
558,AnnualCrop
559,Highway
560,SeaLake
561,Industrial
562,Pasture
563,Residential
564,Industrial
565,Highway
566,Pasture
567,AnnualCrop
568,AnnualCrop
569,SeaLake
570,HerbaceousVegetation
571,SeaLake
572,HerbaceousVegetation
573,Residential
574,HerbaceousVegetation
575,Industrial
576,Residential
577,Pasture
578,Forest
579,HerbaceousVegetation
580,Residential
581,HerbaceousVegetation
582,Residential
583,SeaLake
584,Pasture
585,Highway
586,PermanentCrop
587,Pasture
588,HerbaceousVegetation
589,Residential
590,HerbaceousVegetation
591,Industrial
592,PermanentCrop
593,Residential
594,SeaLake
595,PermanentCrop
596,SeaLake
597,SeaLake
598,SeaLake
599,AnnualCrop
600,SeaLake
601,HerbaceousVegetation
602,Residential
603,Pasture
604,AnnualCrop
605,Residential
606,AnnualCrop
607,Highway
608,SeaLake
609,Forest
610,HerbaceousVegetation
611,Pasture
612,Industrial
613,Residential
614,Residential
615,Forest
616,Highway
617,Pasture
618,Residential
619,Highway
620,SeaLake
621,HerbaceousVegetation
622,PermanentCrop
623,PermanentCrop
624,SeaLake
625,SeaLake
626,PermanentCrop
627,Pasture
628,Industrial
629,SeaLake
630,SeaLake
631,HerbaceousVegetation
632,PermanentCrop
633,PermanentCrop
634,SeaLake
635,PermanentCrop
636,SeaLake
637,HerbaceousVegetation
638,HerbaceousVegetation
639,Industrial
640,HerbaceousVegetation
641,HerbaceousVegetation
642,Industrial
643,Highway
644,AnnualCrop
645,Residential
646,Highway
647,PermanentCrop
648,AnnualCrop
649,SeaLake
650,SeaLake
651,Highway
652,PermanentCrop
653,HerbaceousVegetation
654,PermanentCrop
655,PermanentCrop
656,HerbaceousVegetation
657,Pasture
658,SeaLake
659,River
660,SeaLake
661,SeaLake
662,HerbaceousVegetation
663,Pasture
664,Highway
665,PermanentCrop
666,Pasture
667,SeaLake
668,AnnualCrop
669,Pasture
670,Residential
671,HerbaceousVegetation
672,Highway
673,Pasture
674,SeaLake
675,SeaLake
676,PermanentCrop
677,PermanentCrop
678,Highway
679,HerbaceousVegetation
680,Highway
681,SeaLake
682,Forest
683,Forest
684,Residential
685,SeaLake
686,PermanentCrop
687,PermanentCrop
688,PermanentCrop
689,HerbaceousVegetation
690,Forest
691,Highway
692,SeaLake
693,Highway
694,Residential
695,SeaLake
696,Industrial
697,PermanentCrop
698,Highway
699,PermanentCrop
700,AnnualCrop
701,Pasture
702,HerbaceousVegetation
703,Highway
704,PermanentCrop
705,Pasture
706,PermanentCrop
707,PermanentCrop
708,PermanentCrop
709,SeaLake
710,HerbaceousVegetation
711,Highway
712,Industrial
713,HerbaceousVegetation
714,Pasture
715,SeaLake
716,HerbaceousVegetation
717,PermanentCrop
718,HerbaceousVegetation
719,Pasture
720,Pasture
721,Industrial
722,HerbaceousVegetation
723,Residential
724,Pasture
725,PermanentCrop
726,SeaLake
727,PermanentCrop
728,SeaLake
729,Pasture
730,HerbaceousVegetation
731,AnnualCrop
732,River
733,Pasture
734,PermanentCrop
735,Residential
736,Highway
737,SeaLake
738,Highway
739,PermanentCrop
740,Pasture
741,Industrial
742,SeaLake
743,Highway
744,PermanentCrop
745,River
746,SeaLake
747,HerbaceousVegetation
748,Industrial
749,Highway
750,SeaLake
751,HerbaceousVegetation
752,Highway
753,Residential
754,Highway
755,SeaLake
756,SeaLake
757,SeaLake
758,Forest
759,PermanentCrop
760,Highway
761,Residential
762,Pasture
763,SeaLake
764,PermanentCrop
765,Forest
766,Pasture
767,SeaLake
768,Pasture
769,PermanentCrop
770,SeaLake
771,Pasture
772,Forest
773,SeaLake
774,SeaLake
775,Industrial
776,PermanentCrop
777,SeaLake
778,PermanentCrop
779,Industrial
780,Pasture
781,Pasture
782,SeaLake
783,HerbaceousVegetation
784,Pasture
785,SeaLake
786,Pasture
787,Industrial
788,HerbaceousVegetation
789,Industrial
790,Residential
791,SeaLake
792,PermanentCrop
793,PermanentCrop
794,Residential
795,PermanentCrop
796,HerbaceousVegetation
797,SeaLake
798,SeaLake
799,Pasture
800,Forest
801,HerbaceousVegetation
802,HerbaceousVegetation
803,PermanentCrop
804,Forest
805,AnnualCrop
806,HerbaceousVegetation
807,Forest
808,Highway
809,Highway
810,Industrial
811,HerbaceousVegetation
812,AnnualCrop
813,Industrial
814,SeaLake
815,SeaLake
816,SeaLake
817,Highway
818,HerbaceousVegetation
819,Residential
820,PermanentCrop
821,Industrial
822,SeaLake
823,PermanentCrop
824,SeaLake
825,River
826,AnnualCrop
827,HerbaceousVegetation
828,SeaLake
829,Forest
830,Highway
831,Residential
832,HerbaceousVegetation
833,River
834,Highway
835,SeaLake
836,Highway
837,Residential
838,HerbaceousVegetation
839,HerbaceousVegetation
840,SeaLake
841,PermanentCrop
842,SeaLake
843,Highway
844,Forest
845,SeaLake
846,SeaLake
847,PermanentCrop
848,HerbaceousVegetation
849,Residential
850,PermanentCrop
851,Industrial
852,Pasture
853,SeaLake
854,PermanentCrop
855,Forest
856,HerbaceousVegetation
857,SeaLake
858,Highway
859,HerbaceousVegetation
860,SeaLake
861,HerbaceousVegetation
862,Highway
863,HerbaceousVegetation
864,Highway
865,SeaLake
866,Pasture
867,SeaLake
868,Forest
869,SeaLake
870,River
871,Residential
872,Industrial
873,Industrial
874,PermanentCrop
875,PermanentCrop
876,Industrial
877,Pasture
878,HerbaceousVegetation
879,HerbaceousVegetation
880,Forest
881,River
882,Industrial
883,Forest
884,SeaLake
885,PermanentCrop
886,PermanentCrop
887,SeaLake
888,Highway
889,SeaLake
890,Residential
891,River
892,HerbaceousVegetation
893,SeaLake
894,AnnualCrop
895,River
896,Industrial
897,Highway
898,PermanentCrop
899,SeaLake
900,PermanentCrop
901,HerbaceousVegetation
902,Pasture
903,River
904,Forest
905,SeaLake
906,Pasture
907,SeaLake
908,Pasture
909,Industrial
910,SeaLake
911,Industrial
912,PermanentCrop
913,HerbaceousVegetation
914,HerbaceousVegetation
915,AnnualCrop
916,Forest
917,SeaLake
918,AnnualCrop
919,SeaLake
920,SeaLake
921,SeaLake
922,Highway
923,SeaLake
924,PermanentCrop
925,Highway
926,HerbaceousVegetation
927,Forest
928,PermanentCrop
929,HerbaceousVegetation
930,Highway
931,SeaLake
932,Pasture
933,Industrial
934,Pasture
935,SeaLake
936,AnnualCrop
937,Pasture
938,SeaLake
939,SeaLake
940,HerbaceousVegetation
941,HerbaceousVegetation
942,Forest
943,PermanentCrop
944,HerbaceousVegetation
945,Residential
946,Forest
947,HerbaceousVegetation
948,SeaLake
949,Forest
950,PermanentCrop
951,Residential
952,River
953,AnnualCrop
954,River
955,SeaLake
956,SeaLake
957,HerbaceousVegetation
958,Pasture
959,HerbaceousVegetation
960,SeaLake
961,Highway
962,Highway
963,Pasture
964,SeaLake
965,AnnualCrop
966,SeaLake
967,PermanentCrop
968,HerbaceousVegetation
969,Forest
970,Residential
971,SeaLake
972,Industrial
973,Pasture
974,Highway
975,SeaLake
976,SeaLake
977,HerbaceousVegetation
978,SeaLake
979,AnnualCrop
980,AnnualCrop
981,HerbaceousVegetation
982,PermanentCrop
983,HerbaceousVegetation
984,PermanentCrop
985,PermanentCrop
986,HerbaceousVegetation
987,Highway
988,PermanentCrop
989,AnnualCrop
990,HerbaceousVegetation
991,SeaLake
992,SeaLake
993,Highway
994,SeaLake
995,Residential
996,SeaLake
997,Highway
998,AnnualCrop
999,SeaLake
1000,Highway
1001,SeaLake
1002,AnnualCrop
1003,Pasture
1004,SeaLake
1005,SeaLake
1006,SeaLake
1007,Pasture
1008,Pasture
1009,Pasture
1010,Pasture
1011,HerbaceousVegetation
1012,Industrial
1013,SeaLake
1014,Highway
1015,SeaLake
1016,HerbaceousVegetation
1017,Forest
1018,Forest
1019,PermanentCrop
1020,SeaLake
1021,AnnualCrop
1022,Pasture
1023,Residential
1024,SeaLake
1025,HerbaceousVegetation
1026,Highway
1027,Pasture
1028,SeaLake
1029,Highway
1030,Residential
1031,AnnualCrop
1032,SeaLake
1033,SeaLake
1034,SeaLake
1035,Forest
1036,Forest
1037,Pasture
1038,Residential
1039,Pasture
1040,HerbaceousVegetation
1041,SeaLake
1042,Industrial
1043,River
1044,River
1045,Residential
1046,SeaLake
1047,SeaLake
1048,AnnualCrop
1049,Residential
1050,SeaLake
1051,River
1052,PermanentCrop
1053,HerbaceousVegetation
1054,SeaLake
1055,Pasture
1056,AnnualCrop
1057,SeaLake
1058,SeaLake
1059,PermanentCrop
1060,Highway
1061,Forest
1062,SeaLake
1063,HerbaceousVegetation
1064,River
1065,HerbaceousVegetation
1066,HerbaceousVegetation
1067,River
1068,HerbaceousVegetation
1069,SeaLake
1070,Forest
1071,HerbaceousVegetation
1072,Residential
1073,Highway
1074,Forest
1075,PermanentCrop
1076,Forest
1077,SeaLake
1078,AnnualCrop
1079,Highway
1080,Forest
1081,Highway
1082,HerbaceousVegetation
1083,Forest
1084,AnnualCrop
1085,Highway
1086,AnnualCrop
1087,Pasture
1088,Forest
1089,Highway
1090,HerbaceousVegetation
1091,Residential
1092,HerbaceousVegetation
1093,PermanentCrop
1094,SeaLake
1095,Forest
1096,SeaLake
1097,SeaLake
1098,HerbaceousVegetation
1099,HerbaceousVegetation
1100,SeaLake
1101,River
1102,PermanentCrop
1103,PermanentCrop
1104,Highway
1105,SeaLake
1106,PermanentCrop
1107,PermanentCrop
1108,SeaLake
1109,Pasture
1110,HerbaceousVegetation
1111,AnnualCrop
1112,Pasture
1113,HerbaceousVegetation
1114,HerbaceousVegetation
1115,Forest
1116,AnnualCrop
1117,PermanentCrop
1118,Pasture
1119,Highway
1120,Forest
1121,AnnualCrop
1122,AnnualCrop
1123,Pasture
1124,Residential
1125,Industrial
1126,PermanentCrop
1127,Pasture
1128,Industrial
1129,Residential
1130,Pasture
1131,SeaLake
1132,HerbaceousVegetation
1133,Forest
1134,Highway
1135,Residential
1136,Industrial
1137,HerbaceousVegetation
1138,Industrial
1139,Pasture
1140,PermanentCrop
1141,SeaLake
1142,Pasture
1143,SeaLake
1144,Forest
1145,HerbaceousVegetation
1146,Highway
1147,HerbaceousVegetation
1148,Highway
1149,PermanentCrop
1150,Residential
1151,Highway
1152,PermanentCrop
1153,SeaLake
1154,Forest
1155,PermanentCrop
1156,Forest
1157,Pasture
1158,SeaLake
1159,Pasture
1160,AnnualCrop
1161,Pasture
1162,Highway
1163,AnnualCrop
1164,Industrial
1165,Pasture
1166,HerbaceousVegetation
1167,Residential
1168,PermanentCrop
1169,Highway
1170,SeaLake
1171,Highway
1172,Forest
1173,PermanentCrop
1174,AnnualCrop
1175,AnnualCrop
1176,Pasture
1177,Forest
1178,Highway
1179,PermanentCrop
1180,PermanentCrop
1181,AnnualCrop
1182,Highway
1183,SeaLake
1184,Residential
1185,Industrial
1186,Residential
1187,Forest
1188,HerbaceousVegetation
1189,Pasture
1190,Pasture
1191,SeaLake
1192,Highway
1193,Pasture
1194,River
1195,Residential
1196,SeaLake
1197,SeaLake
1198,Pasture
1199,Forest
1200,SeaLake
1201,PermanentCrop
1202,SeaLake
1203,HerbaceousVegetation
1204,SeaLake
1205,Pasture
1206,River
1207,PermanentCrop
1208,HerbaceousVegetation
1209,Pasture
1210,PermanentCrop
1211,Pasture
1212,Forest
1213,Industrial
1214,HerbaceousVegetation
1215,Forest
1216,SeaLake
1217,SeaLake
1218,Residential
1219,Highway
1220,Industrial
1221,SeaLake
1222,HerbaceousVegetation
1223,SeaLake
1224,River
1225,SeaLake
1226,Pasture
1227,River
1228,Highway
1229,Pasture
1230,River
1231,Industrial
1232,SeaLake
1233,HerbaceousVegetation
1234,HerbaceousVegetation
1235,Forest
1236,HerbaceousVegetation
1237,Highway
1238,Forest
1239,Highway
1240,Pasture
1241,SeaLake
1242,Pasture
1243,HerbaceousVegetation
1244,HerbaceousVegetation
1245,SeaLake
1246,SeaLake
1247,Pasture
1248,PermanentCrop
1249,HerbaceousVegetation
1250,Highway
1251,Highway
1252,Pasture
1253,SeaLake
1254,PermanentCrop
1255,HerbaceousVegetation
1256,SeaLake
1257,Pasture
1258,PermanentCrop
1259,SeaLake
1260,Forest
1261,Industrial
1262,Pasture
1263,Industrial
1264,HerbaceousVegetation
1265,AnnualCrop
1266,Pasture
1267,Pasture
1268,HerbaceousVegetation
1269,Residential
1270,Forest
1271,Pasture
1272,Highway
1273,HerbaceousVegetation
1274,Forest
1275,Pasture
1276,PermanentCrop
1277,Forest
1278,PermanentCrop
1279,SeaLake
1280,HerbaceousVegetation
1281,SeaLake
1282,SeaLake
1283,Highway
1284,Highway
1285,SeaLake
1286,Highway
1287,AnnualCrop
1288,SeaLake
1289,Residential
1290,HerbaceousVegetation
1291,Residential
1292,SeaLake
1293,SeaLake
1294,SeaLake
1295,Highway
1296,PermanentCrop
1297,Pasture
1298,PermanentCrop
1299,Forest
1300,Highway
1301,SeaLake
1302,PermanentCrop
1303,Residential
1304,SeaLake
1305,Forest
1306,Pasture
1307,River
1308,Pasture
1309,Highway
1310,Highway
1311,SeaLake
1312,HerbaceousVegetation
1313,PermanentCrop
1314,Forest
1315,AnnualCrop
1316,Pasture
1317,Forest
1318,Pasture
1319,SeaLake
1320,PermanentCrop
1321,SeaLake
1322,SeaLake
1323,SeaLake
1324,HerbaceousVegetation
1325,Industrial
1326,Industrial
1327,Pasture
1328,Residential
1329,Highway
1330,SeaLake
1331,SeaLake
1332,SeaLake
1333,SeaLake
1334,Residential
1335,Residential
1336,HerbaceousVegetation
1337,Highway
1338,Pasture
1339,HerbaceousVegetation
1340,PermanentCrop
1341,SeaLake
1342,SeaLake
1343,HerbaceousVegetation
1344,PermanentCrop
1345,SeaLake
1346,Highway
1347,Pasture
1348,AnnualCrop
1349,SeaLake
1350,PermanentCrop
1351,SeaLake
1352,Highway
1353,Highway
1354,PermanentCrop
1355,Highway
1356,SeaLake
1357,PermanentCrop
1358,PermanentCrop
1359,PermanentCrop
1360,HerbaceousVegetation
1361,River
1362,Highway
1363,SeaLake
1364,Highway
1365,SeaLake
1366,HerbaceousVegetation
1367,AnnualCrop
1368,Residential
1369,SeaLake
1370,River
1371,Industrial
1372,Pasture
1373,PermanentCrop
1374,HerbaceousVegetation
1375,PermanentCrop
1376,PermanentCrop
1377,SeaLake
1378,PermanentCrop
1379,Pasture
1380,SeaLake
1381,Highway
1382,HerbaceousVegetation
1383,HerbaceousVegetation
1384,Residential
1385,PermanentCrop
1386,Highway
1387,SeaLake
1388,PermanentCrop
1389,Pasture
1390,PermanentCrop
1391,SeaLake
1392,SeaLake
1393,SeaLake
1394,PermanentCrop
1395,PermanentCrop
1396,SeaLake
1397,PermanentCrop
1398,Industrial
1399,PermanentCrop
1400,Highway
1401,PermanentCrop
1402,Industrial
1403,Industrial
1404,PermanentCrop
1405,Highway
1406,Pasture
1407,PermanentCrop
1408,SeaLake
1409,HerbaceousVegetation
1410,Pasture
1411,SeaLake
1412,AnnualCrop
1413,PermanentCrop
1414,Highway
1415,AnnualCrop
1416,Pasture
1417,Pasture
1418,SeaLake
1419,AnnualCrop
1420,Residential
1421,Pasture
1422,Highway
1423,SeaLake
1424,Highway
1425,SeaLake
1426,Pasture
1427,Industrial
1428,SeaLake
1429,SeaLake
1430,River
1431,Forest
1432,HerbaceousVegetation
1433,SeaLake
1434,PermanentCrop
1435,Pasture
1436,Forest
1437,Pasture
1438,SeaLake
1439,Industrial
1440,Highway
1441,PermanentCrop
1442,HerbaceousVegetation
1443,Highway
1444,Highway
1445,AnnualCrop
1446,Pasture
1447,Highway
1448,AnnualCrop
1449,Forest
1450,Industrial
1451,PermanentCrop
1452,Industrial
1453,Pasture
1454,SeaLake
1455,AnnualCrop
1456,Industrial
1457,HerbaceousVegetation
1458,SeaLake
1459,Pasture
1460,Highway
1461,Residential
1462,SeaLake
1463,Highway
1464,HerbaceousVegetation
1465,Forest
1466,PermanentCrop
1467,SeaLake
1468,AnnualCrop
1469,SeaLake
1470,SeaLake
1471,SeaLake
1472,Forest
1473,Pasture
1474,Pasture
1475,HerbaceousVegetation
1476,Industrial
1477,Highway
1478,Pasture
1479,PermanentCrop
1480,Forest
1481,SeaLake
1482,SeaLake
1483,SeaLake
1484,Highway
1485,AnnualCrop
1486,Industrial
1487,SeaLake
1488,Industrial
1489,River
1490,Highway
1491,River
1492,Residential
1493,Residential
1494,Highway
1495,SeaLake
1496,Pasture
1497,SeaLake
1498,PermanentCrop
1499,SeaLake
1500,PermanentCrop
1501,Pasture
1502,AnnualCrop
1503,PermanentCrop
1504,SeaLake
1505,Highway
1506,SeaLake
1507,Pasture
1508,Forest
1509,PermanentCrop
1510,PermanentCrop
1511,PermanentCrop
1512,River
1513,PermanentCrop
1514,River
1515,Highway
1516,Pasture
1517,SeaLake
1518,PermanentCrop
1519,Forest
1520,SeaLake
1521,Industrial
1522,Industrial
1523,HerbaceousVegetation
1524,Pasture
1525,Pasture
1526,Highway
1527,PermanentCrop
1528,AnnualCrop
1529,PermanentCrop
1530,Pasture
1531,PermanentCrop
1532,SeaLake
1533,SeaLake
1534,Pasture
1535,SeaLake
1536,PermanentCrop
1537,Residential
1538,SeaLake
1539,SeaLake
1540,HerbaceousVegetation
1541,Residential
1542,HerbaceousVegetation
1543,AnnualCrop
1544,River
1545,SeaLake
1546,SeaLake
1547,PermanentCrop
1548,Highway
1549,AnnualCrop
1550,SeaLake
1551,HerbaceousVegetation
1552,Industrial
1553,River
1554,Pasture
1555,Pasture
1556,Pasture
1557,SeaLake
1558,PermanentCrop
1559,Highway
1560,PermanentCrop
1561,AnnualCrop
1562,SeaLake
1563,Residential
1564,River
1565,AnnualCrop
1566,Pasture
1567,Pasture
1568,Industrial
1569,Residential
1570,SeaLake
1571,Residential
1572,Pasture
1573,Forest
1574,PermanentCrop
1575,SeaLake
1576,PermanentCrop
1577,Forest
1578,SeaLake
1579,AnnualCrop
1580,Highway
1581,PermanentCrop
1582,AnnualCrop
1583,PermanentCrop
1584,River
1585,Industrial
1586,Residential
1587,Pasture
1588,SeaLake
1589,Highway
1590,Residential
1591,Pasture
1592,Pasture
1593,Pasture
1594,SeaLake
1595,PermanentCrop
1596,PermanentCrop
1597,Forest
1598,HerbaceousVegetation
1599,Industrial
1600,Pasture
1601,HerbaceousVegetation
1602,River
1603,Forest
1604,SeaLake
1605,SeaLake
1606,PermanentCrop
1607,SeaLake
1608,AnnualCrop
1609,Highway
1610,River
1611,PermanentCrop
1612,PermanentCrop
1613,PermanentCrop
1614,Industrial
1615,SeaLake
1616,PermanentCrop
1617,PermanentCrop
1618,SeaLake
1619,AnnualCrop
1620,Highway
1621,Highway
1622,PermanentCrop
1623,SeaLake
1624,Forest
1625,HerbaceousVegetation
1626,SeaLake
1627,Highway
1628,Pasture
1629,SeaLake
1630,PermanentCrop
1631,SeaLake
1632,PermanentCrop
1633,HerbaceousVegetation
1634,PermanentCrop
1635,River
1636,Industrial
1637,AnnualCrop
1638,SeaLake
1639,PermanentCrop
1640,River
1641,SeaLake
1642,SeaLake
1643,Pasture
1644,Highway
1645,Forest
1646,Highway
1647,PermanentCrop
1648,Residential
1649,Highway
1650,PermanentCrop
1651,HerbaceousVegetation
1652,SeaLake
1653,Residential
1654,Highway
1655,River
1656,SeaLake
1657,PermanentCrop
1658,AnnualCrop
1659,Residential
1660,Highway
1661,Highway
1662,HerbaceousVegetation
1663,Highway
1664,SeaLake
1665,Industrial
1666,PermanentCrop
1667,SeaLake
1668,AnnualCrop
1669,PermanentCrop
1670,SeaLake
1671,Residential
1672,Highway
1673,Pasture
1674,Highway
1675,Forest
1676,HerbaceousVegetation
1677,SeaLake
1678,Pasture
1679,AnnualCrop
1680,SeaLake
1681,Residential
1682,SeaLake
1683,Residential
1684,PermanentCrop
1685,Highway
1686,Residential
1687,Highway
1688,Highway
1689,AnnualCrop
1690,Industrial
1691,Forest
1692,Residential
1693,SeaLake
1694,SeaLake
1695,Pasture
1696,SeaLake
1697,PermanentCrop
1698,AnnualCrop
1699,PermanentCrop
1700,Industrial
1701,AnnualCrop
1702,Forest
1703,Forest
1704,SeaLake
1705,SeaLake
1706,PermanentCrop
1707,Highway
1708,SeaLake
1709,Pasture
1710,River
1711,AnnualCrop
1712,SeaLake
1713,SeaLake
1714,SeaLake
1715,PermanentCrop
1716,Pasture
1717,AnnualCrop
1718,Pasture
1719,Pasture
1720,Pasture
1721,SeaLake
1722,AnnualCrop
1723,AnnualCrop
1724,PermanentCrop
1725,Forest
1726,PermanentCrop
1727,River
1728,AnnualCrop
1729,AnnualCrop
1730,PermanentCrop
1731,Highway
1732,Pasture
1733,HerbaceousVegetation
1734,PermanentCrop
1735,AnnualCrop
1736,Industrial
1737,Pasture
1738,AnnualCrop
1739,AnnualCrop
1740,Highway
1741,SeaLake
1742,HerbaceousVegetation
1743,HerbaceousVegetation
1744,SeaLake
1745,Pasture
1746,HerbaceousVegetation
1747,Pasture
1748,Pasture
1749,PermanentCrop
1750,Highway
1751,Pasture
1752,Residential
1753,Residential
1754,HerbaceousVegetation
1755,AnnualCrop
1756,HerbaceousVegetation
1757,SeaLake
1758,Forest
1759,HerbaceousVegetation
1760,Forest
1761,PermanentCrop
1762,PermanentCrop
1763,PermanentCrop
1764,HerbaceousVegetation
1765,Industrial
1766,HerbaceousVegetation
1767,Forest
1768,AnnualCrop
1769,HerbaceousVegetation
1770,Pasture
1771,PermanentCrop
1772,SeaLake
1773,Forest
1774,HerbaceousVegetation
1775,SeaLake
1776,Pasture
1777,Highway
1778,Forest
1779,Highway
1780,SeaLake
1781,HerbaceousVegetation
1782,Highway
1783,PermanentCrop
1784,Highway
1785,HerbaceousVegetation
1786,PermanentCrop
1787,SeaLake
1788,Industrial
1789,Highway
1790,Residential
1791,HerbaceousVegetation
1792,Pasture
1793,Highway
1794,Highway
1795,Residential
1796,SeaLake
1797,PermanentCrop
1798,River
1799,Forest
1800,PermanentCrop
1801,Highway
1802,Residential
1803,PermanentCrop
1804,SeaLake
1805,Pasture
1806,Pasture
1807,Highway
1808,PermanentCrop
1809,Pasture
1810,SeaLake
1811,Highway
1812,SeaLake
1813,PermanentCrop
1814,PermanentCrop
1815,Residential
1816,AnnualCrop
1817,AnnualCrop
1818,AnnualCrop
1819,Highway
1820,Forest
1821,AnnualCrop
1822,SeaLake
1823,SeaLake
1824,PermanentCrop
1825,HerbaceousVegetation
1826,PermanentCrop
1827,Highway
1828,HerbaceousVegetation
1829,SeaLake
1830,HerbaceousVegetation
1831,Residential
1832,HerbaceousVegetation
1833,HerbaceousVegetation
1834,Residential
1835,PermanentCrop
1836,SeaLake
1837,Residential
1838,Pasture
1839,HerbaceousVegetation
1840,AnnualCrop
1841,AnnualCrop
1842,Pasture
1843,SeaLake
1844,PermanentCrop
1845,Highway
1846,Highway
1847,Pasture
1848,River
1849,HerbaceousVegetation
1850,Pasture
1851,Industrial
1852,PermanentCrop
1853,Highway
1854,PermanentCrop
1855,SeaLake
1856,SeaLake
1857,PermanentCrop
1858,AnnualCrop
1859,Residential
1860,Highway
1861,SeaLake
1862,Pasture
1863,Forest
1864,Highway
1865,Forest
1866,Highway
1867,River
1868,River
1869,Forest
1870,Residential
1871,Highway
1872,HerbaceousVegetation
1873,Residential
1874,Highway
1875,AnnualCrop
1876,River
1877,Forest
1878,SeaLake
1879,Industrial
1880,Forest
1881,Pasture
1882,Industrial
1883,AnnualCrop
1884,SeaLake
1885,Pasture
1886,Pasture
1887,HerbaceousVegetation
1888,Pasture
1889,SeaLake
1890,HerbaceousVegetation
1891,Residential
1892,Pasture
1893,SeaLake
1894,SeaLake
1895,Pasture
1896,Forest
1897,AnnualCrop
1898,Forest
1899,PermanentCrop
1900,SeaLake
1901,Highway
1902,SeaLake
1903,SeaLake
1904,PermanentCrop
1905,Pasture
1906,SeaLake
1907,SeaLake
1908,Residential
1909,SeaLake
1910,Highway
1911,Pasture
1912,PermanentCrop
1913,SeaLake
1914,Industrial
1915,PermanentCrop
1916,SeaLake
1917,AnnualCrop
1918,Highway
1919,AnnualCrop
1920,Industrial
1921,SeaLake
1922,HerbaceousVegetation
1923,SeaLake
1924,Industrial
1925,SeaLake
1926,Residential
1927,Highway
1928,HerbaceousVegetation
1929,SeaLake
1930,Forest
1931,Pasture
1932,SeaLake
1933,SeaLake
1934,HerbaceousVegetation
1935,AnnualCrop
1936,PermanentCrop
1937,SeaLake
1938,Forest
1939,HerbaceousVegetation
1940,Residential
1941,SeaLake
1942,Residential
1943,SeaLake
1944,PermanentCrop
1945,SeaLake
1946,Highway
1947,Residential
1948,Pasture
1949,Pasture
1950,PermanentCrop
1951,Residential
1952,HerbaceousVegetation
1953,Forest
1954,Industrial
1955,HerbaceousVegetation
1956,SeaLake
1957,PermanentCrop
1958,Forest
1959,Highway
1960,SeaLake
1961,PermanentCrop
1962,Industrial
1963,PermanentCrop
1964,HerbaceousVegetation
1965,AnnualCrop
1966,Industrial
1967,PermanentCrop
1968,SeaLake
1969,Pasture
1970,PermanentCrop
1971,Pasture
1972,Highway
1973,Highway
1974,Industrial
1975,AnnualCrop
1976,PermanentCrop
1977,AnnualCrop
1978,HerbaceousVegetation
1979,Pasture
1980,HerbaceousVegetation
1981,Pasture
1982,SeaLake
1983,SeaLake
1984,Forest
1985,SeaLake
1986,River
1987,PermanentCrop
1988,Forest
1989,PermanentCrop
1990,PermanentCrop
1991,Residential
1992,SeaLake
1993,AnnualCrop
1994,Highway
1995,PermanentCrop
1996,Residential
1997,HerbaceousVegetation
1998,AnnualCrop
1999,Pasture
2000,AnnualCrop
2001,PermanentCrop
2002,Residential
2003,AnnualCrop
2004,Industrial
2005,HerbaceousVegetation
2006,PermanentCrop
2007,Highway
2008,River
2009,SeaLake
2010,SeaLake
2011,HerbaceousVegetation
2012,PermanentCrop
2013,Residential
2014,SeaLake
2015,Forest
2016,Forest
2017,PermanentCrop
2018,Residential
2019,PermanentCrop
2020,Pasture
2021,SeaLake
2022,River
2023,SeaLake
2024,HerbaceousVegetation
2025,River
2026,SeaLake
2027,SeaLake
2028,Residential
2029,Residential
2030,Pasture
2031,Highway
2032,SeaLake
2033,SeaLake
2034,HerbaceousVegetation
2035,AnnualCrop
2036,Pasture
2037,SeaLake
2038,SeaLake
2039,Pasture
2040,AnnualCrop
2041,PermanentCrop
2042,PermanentCrop
2043,Highway
2044,SeaLake
2045,PermanentCrop
2046,SeaLake
2047,HerbaceousVegetation
2048,HerbaceousVegetation
2049,HerbaceousVegetation
2050,Highway
2051,Highway
2052,Forest
2053,Highway
2054,SeaLake
2055,Residential
2056,Residential
2057,AnnualCrop
2058,Industrial
2059,AnnualCrop
2060,Pasture
2061,SeaLake
2062,Industrial
2063,Residential
2064,SeaLake
2065,SeaLake
2066,Forest
2067,SeaLake
2068,Highway
2069,Highway
2070,Pasture
2071,Residential
2072,Pasture
2073,Pasture
2074,Highway
2075,HerbaceousVegetation
2076,PermanentCrop
2077,Highway
2078,SeaLake
2079,SeaLake
2080,Pasture
2081,Highway
2082,HerbaceousVegetation
2083,HerbaceousVegetation
2084,Residential
2085,Highway
2086,PermanentCrop
2087,Residential
2088,SeaLake
2089,HerbaceousVegetation
2090,River
2091,SeaLake
2092,AnnualCrop
2093,PermanentCrop
2094,PermanentCrop
2095,Residential
2096,HerbaceousVegetation
2097,Residential
2098,PermanentCrop
2099,AnnualCrop
2100,Forest
2101,River
2102,River
2103,Pasture
2104,SeaLake
2105,Industrial
2106,AnnualCrop
2107,SeaLake
2108,HerbaceousVegetation
2109,SeaLake
2110,SeaLake
2111,Highway
2112,SeaLake
2113,Pasture
2114,River
2115,Highway
2116,River
2117,Industrial
2118,Residential
2119,SeaLake
2120,PermanentCrop
2121,HerbaceousVegetation
2122,Pasture
2123,PermanentCrop
2124,PermanentCrop
2125,PermanentCrop
2126,SeaLake
2127,Industrial
2128,SeaLake
2129,Highway
2130,Forest
2131,Highway
2132,SeaLake
2133,SeaLake
2134,PermanentCrop
2135,PermanentCrop
2136,Pasture
2137,HerbaceousVegetation
2138,Residential
2139,Pasture
2140,Pasture
2141,PermanentCrop
2142,AnnualCrop
2143,Forest
2144,Residential
2145,SeaLake
2146,Pasture
2147,PermanentCrop
2148,Industrial
2149,Highway
2150,Forest
2151,SeaLake
2152,AnnualCrop
2153,Pasture
2154,Industrial
2155,HerbaceousVegetation
2156,PermanentCrop
2157,SeaLake
2158,Pasture
2159,SeaLake
2160,SeaLake
2161,Forest
2162,PermanentCrop
2163,AnnualCrop
2164,SeaLake
2165,PermanentCrop
2166,Highway
2167,Pasture
2168,HerbaceousVegetation
2169,PermanentCrop
2170,Residential
2171,SeaLake
2172,Industrial
2173,Industrial
2174,SeaLake
2175,SeaLake
2176,HerbaceousVegetation
2177,HerbaceousVegetation
2178,SeaLake
2179,AnnualCrop
2180,PermanentCrop
2181,Residential
2182,SeaLake
2183,Highway
2184,SeaLake
2185,HerbaceousVegetation
2186,PermanentCrop
2187,SeaLake
2188,AnnualCrop
2189,SeaLake
2190,Pasture
2191,Pasture
2192,River
2193,AnnualCrop
2194,HerbaceousVegetation
2195,PermanentCrop
2196,SeaLake
2197,Pasture
2198,PermanentCrop
2199,HerbaceousVegetation
2200,Residential
2201,AnnualCrop
2202,Highway
2203,SeaLake
2204,SeaLake
2205,PermanentCrop
2206,Residential
2207,Residential
2208,Highway
2209,SeaLake
2210,SeaLake
2211,River
2212,AnnualCrop
2213,SeaLake
2214,HerbaceousVegetation
2215,AnnualCrop
2216,Pasture
2217,HerbaceousVegetation
2218,PermanentCrop
2219,Pasture
2220,HerbaceousVegetation
2221,SeaLake
2222,Industrial
2223,Highway
2224,Pasture
2225,Pasture
2226,PermanentCrop
2227,SeaLake
2228,PermanentCrop
2229,Residential
2230,Highway
2231,SeaLake
2232,HerbaceousVegetation
2233,AnnualCrop
2234,AnnualCrop
2235,Pasture
2236,Highway
2237,Pasture
2238,Forest
2239,SeaLake
2240,HerbaceousVegetation
2241,PermanentCrop
2242,Residential
2243,SeaLake
2244,Forest
2245,Industrial
2246,SeaLake
2247,PermanentCrop
2248,SeaLake
2249,SeaLake
2250,HerbaceousVegetation
2251,Pasture
2252,Forest
2253,River
2254,SeaLake
2255,Pasture
2256,PermanentCrop
2257,HerbaceousVegetation
2258,Pasture
2259,PermanentCrop
2260,SeaLake
2261,SeaLake
2262,PermanentCrop
2263,Pasture
2264,SeaLake
2265,Highway
2266,SeaLake
2267,Pasture
2268,SeaLake
2269,SeaLake
2270,HerbaceousVegetation
2271,SeaLake
2272,PermanentCrop
2273,HerbaceousVegetation
2274,PermanentCrop
2275,Highway
2276,Pasture
2277,PermanentCrop
2278,Pasture
2279,Forest
2280,HerbaceousVegetation
2281,PermanentCrop
2282,Industrial
2283,HerbaceousVegetation
2284,SeaLake
2285,Highway
2286,Industrial
2287,HerbaceousVegetation
2288,HerbaceousVegetation
2289,PermanentCrop
2290,SeaLake
2291,PermanentCrop
2292,HerbaceousVegetation
2293,HerbaceousVegetation
2294,PermanentCrop
2295,Pasture
2296,Highway
2297,Residential
2298,PermanentCrop
2299,PermanentCrop
2300,SeaLake
2301,Forest
2302,Forest
2303,Pasture
2304,HerbaceousVegetation
2305,SeaLake
2306,AnnualCrop
2307,Pasture
2308,Residential
2309,PermanentCrop
2310,HerbaceousVegetation
2311,Forest
2312,SeaLake
2313,PermanentCrop
2314,HerbaceousVegetation
2315,HerbaceousVegetation
2316,HerbaceousVegetation
2317,PermanentCrop
2318,SeaLake
2319,Residential
2320,Industrial
2321,AnnualCrop
2322,SeaLake
2323,Pasture
2324,River
2325,River
2326,SeaLake
2327,PermanentCrop
2328,Residential
2329,HerbaceousVegetation
2330,SeaLake
2331,PermanentCrop
2332,HerbaceousVegetation
2333,Pasture
2334,PermanentCrop
2335,Pasture
2336,Industrial
2337,Residential
2338,Highway
2339,Pasture
2340,Industrial
2341,Industrial
2342,Highway
2343,Pasture
2344,SeaLake
2345,PermanentCrop
2346,PermanentCrop
2347,SeaLake
2348,SeaLake
2349,AnnualCrop
2350,SeaLake
2351,PermanentCrop
2352,HerbaceousVegetation
2353,PermanentCrop
2354,PermanentCrop
2355,Forest
2356,Residential
2357,SeaLake
2358,SeaLake
2359,Forest
2360,Forest
2361,PermanentCrop
2362,Pasture
2363,Pasture
2364,SeaLake
2365,Pasture
2366,PermanentCrop
2367,SeaLake
2368,AnnualCrop
2369,River
2370,PermanentCrop
2371,Pasture
2372,Pasture
2373,SeaLake
2374,SeaLake
2375,SeaLake
2376,PermanentCrop
2377,SeaLake
2378,Forest
2379,AnnualCrop
2380,Highway
2381,Pasture
2382,Forest
2383,Forest
2384,HerbaceousVegetation
2385,Forest
2386,Pasture
2387,HerbaceousVegetation
2388,SeaLake
2389,Industrial
2390,Industrial
2391,HerbaceousVegetation
2392,PermanentCrop
2393,SeaLake
2394,PermanentCrop
2395,PermanentCrop
2396,HerbaceousVegetation
2397,Forest
2398,HerbaceousVegetation
2399,SeaLake
2400,Pasture
2401,SeaLake
2402,SeaLake
2403,SeaLake
2404,PermanentCrop
2405,HerbaceousVegetation
2406,Residential
2407,SeaLake
2408,PermanentCrop
2409,Pasture
2410,Highway
2411,PermanentCrop
2412,PermanentCrop
2413,Pasture
2414,SeaLake
2415,Residential
2416,Pasture
2417,Highway
2418,SeaLake
2419,Highway
2420,Residential
2421,PermanentCrop
2422,Highway
2423,HerbaceousVegetation
2424,Highway
2425,Highway
2426,Forest
2427,SeaLake
2428,Industrial
2429,SeaLake
2430,PermanentCrop
2431,Forest
2432,Highway
2433,Pasture
2434,Highway
2435,SeaLake
2436,PermanentCrop
2437,PermanentCrop
2438,Pasture
2439,Pasture
2440,SeaLake
2441,Forest
2442,Highway
2443,AnnualCrop
2444,SeaLake
2445,Highway
2446,PermanentCrop
2447,AnnualCrop
2448,SeaLake
2449,Forest
2450,HerbaceousVegetation
2451,AnnualCrop
2452,SeaLake
2453,Forest
2454,HerbaceousVegetation
2455,Highway
2456,SeaLake
2457,SeaLake
2458,AnnualCrop
2459,SeaLake
2460,SeaLake
2461,SeaLake
2462,PermanentCrop
2463,HerbaceousVegetation
2464,Residential
2465,Highway
2466,SeaLake
2467,Pasture
2468,Forest
2469,AnnualCrop
2470,Residential
2471,Highway
2472,SeaLake
2473,Highway
2474,SeaLake
2475,Pasture
2476,Pasture
2477,PermanentCrop
2478,Highway
2479,SeaLake
2480,SeaLake
2481,PermanentCrop
2482,SeaLake
2483,PermanentCrop
2484,Residential
2485,Highway
2486,AnnualCrop
2487,Forest
2488,SeaLake
2489,SeaLake
2490,PermanentCrop
2491,Forest
2492,SeaLake
2493,PermanentCrop
2494,Pasture
2495,SeaLake
2496,Pasture
2497,Highway
2498,SeaLake
2499,SeaLake
2500,Residential
2501,SeaLake
2502,PermanentCrop
2503,Pasture
2504,HerbaceousVegetation
2505,Pasture
2506,PermanentCrop
2507,Forest
2508,Highway
2509,SeaLake
2510,Pasture
2511,SeaLake
2512,SeaLake
2513,SeaLake
2514,PermanentCrop
2515,AnnualCrop
2516,HerbaceousVegetation
2517,PermanentCrop
2518,Highway
2519,AnnualCrop
2520,River
2521,Forest
2522,Pasture
2523,AnnualCrop
2524,SeaLake
2525,SeaLake
2526,HerbaceousVegetation
2527,HerbaceousVegetation
2528,Pasture
2529,SeaLake
2530,SeaLake
2531,PermanentCrop
2532,HerbaceousVegetation
2533,SeaLake
2534,SeaLake
2535,SeaLake
2536,Industrial
2537,SeaLake
2538,Residential
2539,Highway
2540,PermanentCrop
2541,SeaLake
2542,HerbaceousVegetation
2543,Pasture
2544,Residential
2545,AnnualCrop
2546,Highway
2547,HerbaceousVegetation
2548,SeaLake
2549,Pasture
2550,River
2551,Highway
2552,SeaLake
2553,River
2554,HerbaceousVegetation
2555,Highway
2556,AnnualCrop
2557,Pasture
2558,SeaLake
2559,PermanentCrop
2560,HerbaceousVegetation
2561,SeaLake
2562,Industrial
2563,HerbaceousVegetation
2564,SeaLake
2565,Pasture
2566,SeaLake
2567,Pasture
2568,SeaLake
2569,Pasture
2570,HerbaceousVegetation
2571,HerbaceousVegetation
2572,Industrial
2573,AnnualCrop
2574,Highway
2575,Forest
2576,Highway
2577,Highway
2578,Industrial
2579,PermanentCrop
2580,AnnualCrop
2581,Forest
2582,Pasture
2583,SeaLake
2584,Highway
2585,Industrial
2586,Residential
2587,AnnualCrop
2588,River
2589,SeaLake
2590,Residential
2591,Highway
2592,SeaLake
2593,AnnualCrop
2594,Highway
2595,SeaLake
2596,Forest
2597,Pasture
2598,Pasture
2599,SeaLake
2600,AnnualCrop
2601,AnnualCrop
2602,SeaLake
2603,River
2604,Pasture
2605,SeaLake
2606,PermanentCrop
2607,Pasture
2608,Highway
2609,Pasture
2610,Industrial
2611,AnnualCrop
2612,SeaLake
2613,PermanentCrop
2614,SeaLake
2615,Pasture
2616,River
2617,Industrial
2618,Forest
2619,HerbaceousVegetation
2620,Highway
2621,PermanentCrop
2622,AnnualCrop
2623,Industrial
2624,PermanentCrop
2625,Pasture
2626,HerbaceousVegetation
2627,AnnualCrop
2628,SeaLake
2629,Forest
2630,Highway
2631,SeaLake
2632,HerbaceousVegetation
2633,Pasture
2634,SeaLake
2635,Forest
2636,Highway
2637,PermanentCrop
2638,AnnualCrop
2639,SeaLake
2640,Pasture
2641,HerbaceousVegetation
2642,SeaLake
2643,Highway
2644,SeaLake
2645,SeaLake
2646,HerbaceousVegetation
2647,AnnualCrop
2648,Forest
2649,Residential
2650,Pasture
2651,SeaLake
2652,SeaLake
2653,River
2654,SeaLake
2655,HerbaceousVegetation
2656,Highway
2657,HerbaceousVegetation
2658,Pasture
2659,Highway
2660,Residential
2661,AnnualCrop
2662,Industrial
2663,Residential
2664,PermanentCrop
2665,SeaLake
2666,PermanentCrop
2667,River
2668,Forest
2669,SeaLake
2670,Highway
2671,PermanentCrop
2672,Pasture
2673,Industrial
2674,SeaLake
2675,AnnualCrop
2676,PermanentCrop
2677,HerbaceousVegetation
2678,Highway
2679,Pasture
2680,River
2681,SeaLake
2682,Forest
2683,HerbaceousVegetation
2684,SeaLake
2685,SeaLake
2686,Residential
2687,Residential
2688,Residential
2689,Pasture
2690,AnnualCrop
2691,Pasture
2692,HerbaceousVegetation
2693,SeaLake
2694,Pasture
2695,AnnualCrop
2696,Pasture
2697,PermanentCrop
2698,Pasture
2699,SeaLake
2700,PermanentCrop
2701,Highway
2702,Highway
2703,SeaLake
2704,SeaLake
2705,Residential
2706,HerbaceousVegetation
2707,Pasture
2708,PermanentCrop
2709,SeaLake
2710,Highway
2711,Pasture
2712,AnnualCrop
2713,HerbaceousVegetation
2714,Pasture
2715,AnnualCrop
2716,HerbaceousVegetation
2717,SeaLake
2718,AnnualCrop
2719,Residential
2720,PermanentCrop
2721,Forest
2722,SeaLake
2723,Residential
2724,Residential
2725,River
2726,SeaLake
2727,HerbaceousVegetation
2728,SeaLake
2729,Pasture
2730,SeaLake
2731,Highway
2732,PermanentCrop
2733,River
2734,HerbaceousVegetation
2735,SeaLake
2736,SeaLake
2737,Pasture
2738,Pasture
2739,SeaLake
2740,PermanentCrop
2741,River
2742,Highway
2743,SeaLake
2744,River
2745,Residential
2746,River
2747,Highway
2748,Forest
2749,PermanentCrop
2750,Pasture
2751,AnnualCrop
2752,AnnualCrop
2753,PermanentCrop
2754,Forest
2755,PermanentCrop
2756,SeaLake
2757,AnnualCrop
2758,Residential
2759,SeaLake
2760,HerbaceousVegetation
2761,SeaLake
2762,SeaLake
2763,AnnualCrop
2764,PermanentCrop
2765,PermanentCrop
2766,PermanentCrop
2767,SeaLake
2768,SeaLake
2769,SeaLake
2770,SeaLake
2771,SeaLake
2772,PermanentCrop
2773,Residential
2774,Highway
2775,HerbaceousVegetation
2776,Residential
2777,PermanentCrop
2778,SeaLake
2779,SeaLake
2780,PermanentCrop
2781,Forest
2782,PermanentCrop
2783,Highway
2784,Residential
2785,SeaLake
2786,Pasture
2787,PermanentCrop
2788,PermanentCrop
2789,Highway
2790,AnnualCrop
2791,Highway
2792,HerbaceousVegetation
2793,Highway
2794,HerbaceousVegetation
2795,Forest
2796,Highway
2797,Highway
2798,SeaLake
2799,HerbaceousVegetation
2800,Highway
2801,SeaLake
2802,Highway
2803,SeaLake
2804,SeaLake
2805,SeaLake
2806,Pasture
2807,Highway
2808,PermanentCrop
2809,AnnualCrop
2810,HerbaceousVegetation
2811,River
2812,SeaLake
2813,Highway
2814,Pasture
2815,SeaLake
2816,PermanentCrop
2817,Pasture
2818,Highway
2819,Highway
2820,Highway
2821,Pasture
2822,Pasture
2823,Forest
2824,Residential
2825,River
2826,PermanentCrop
2827,Residential
2828,SeaLake
2829,AnnualCrop
2830,SeaLake
2831,AnnualCrop
2832,Pasture
2833,SeaLake
2834,Highway
2835,Highway
2836,HerbaceousVegetation
2837,Residential
2838,Pasture
2839,SeaLake
2840,HerbaceousVegetation
2841,HerbaceousVegetation
2842,SeaLake
2843,River
2844,SeaLake
2845,SeaLake
2846,SeaLake
2847,Highway
2848,SeaLake
2849,HerbaceousVegetation
2850,SeaLake
2851,SeaLake
2852,SeaLake
2853,PermanentCrop
2854,PermanentCrop
2855,Highway
2856,Highway
2857,Forest
2858,HerbaceousVegetation
2859,PermanentCrop
2860,Pasture
2861,Forest
2862,SeaLake
2863,Highway
2864,SeaLake
2865,PermanentCrop
2866,Highway
2867,SeaLake
2868,SeaLake
2869,PermanentCrop
2870,PermanentCrop
2871,Industrial
2872,Industrial
2873,Residential
2874,Industrial
2875,AnnualCrop
2876,SeaLake
2877,Industrial
2878,SeaLake
2879,AnnualCrop
2880,Forest
2881,AnnualCrop
2882,Forest
2883,PermanentCrop
2884,Highway
2885,Pasture
2886,PermanentCrop
2887,Pasture
2888,SeaLake
2889,AnnualCrop
2890,Forest
2891,SeaLake
2892,HerbaceousVegetation
2893,Pasture
2894,PermanentCrop
2895,SeaLake
2896,PermanentCrop
2897,Highway
2898,Pasture
2899,HerbaceousVegetation
2900,PermanentCrop
2901,SeaLake
2902,PermanentCrop
2903,SeaLake
2904,PermanentCrop
2905,SeaLake
2906,PermanentCrop
2907,Highway
2908,Forest
2909,SeaLake
2910,HerbaceousVegetation
2911,SeaLake
2912,SeaLake
2913,AnnualCrop
2914,HerbaceousVegetation
2915,AnnualCrop
2916,HerbaceousVegetation
2917,PermanentCrop
2918,HerbaceousVegetation
2919,HerbaceousVegetation
2920,AnnualCrop
2921,Residential
2922,PermanentCrop
2923,SeaLake
2924,Forest
2925,Residential
2926,HerbaceousVegetation
2927,Forest
2928,PermanentCrop
2929,Highway
2930,Forest
2931,SeaLake
2932,SeaLake
2933,PermanentCrop
2934,SeaLake
2935,PermanentCrop
2936,Highway
2937,Highway
2938,Residential
2939,AnnualCrop
2940,SeaLake
2941,Residential
2942,SeaLake
2943,AnnualCrop
2944,SeaLake
2945,Highway
2946,SeaLake
2947,HerbaceousVegetation
2948,Pasture
2949,SeaLake
2950,PermanentCrop
2951,HerbaceousVegetation
2952,River
2953,Highway
2954,Forest
2955,Residential
2956,Forest
2957,AnnualCrop
2958,SeaLake
2959,SeaLake
2960,River
2961,Forest
2962,Pasture
2963,HerbaceousVegetation
2964,PermanentCrop
2965,Residential
2966,Pasture
2967,SeaLake
2968,SeaLake
2969,Pasture
2970,AnnualCrop
2971,SeaLake
2972,SeaLake
2973,PermanentCrop
2974,HerbaceousVegetation
2975,AnnualCrop
2976,Pasture
2977,HerbaceousVegetation
2978,Pasture
2979,Residential
2980,HerbaceousVegetation
2981,Industrial
2982,SeaLake
2983,AnnualCrop
2984,SeaLake
2985,PermanentCrop
2986,Highway
2987,SeaLake
2988,HerbaceousVegetation
2989,Highway
2990,SeaLake
2991,AnnualCrop
2992,Residential
2993,PermanentCrop
2994,Residential
2995,PermanentCrop
2996,SeaLake
2997,Residential
2998,PermanentCrop
2999,SeaLake
3000,Pasture
3001,SeaLake
3002,AnnualCrop
3003,Forest
3004,Industrial
3005,HerbaceousVegetation
3006,River
3007,Residential
3008,Pasture
3009,Pasture
3010,HerbaceousVegetation
3011,AnnualCrop
3012,Forest
3013,Forest
3014,SeaLake
3015,AnnualCrop
3016,Industrial
3017,Pasture
3018,PermanentCrop
3019,Highway
3020,Residential
3021,PermanentCrop
3022,HerbaceousVegetation
3023,SeaLake
3024,SeaLake
3025,SeaLake
3026,SeaLake
3027,SeaLake
3028,SeaLake
3029,Residential
3030,SeaLake
3031,PermanentCrop
3032,Pasture
3033,Highway
3034,River
3035,Pasture
3036,AnnualCrop
3037,AnnualCrop
3038,HerbaceousVegetation
3039,Residential
3040,Pasture
3041,PermanentCrop
3042,SeaLake
3043,Residential
3044,SeaLake
3045,PermanentCrop
3046,AnnualCrop
3047,Pasture
3048,Residential
3049,PermanentCrop
3050,HerbaceousVegetation
3051,Pasture
3052,Highway
3053,SeaLake
3054,SeaLake
3055,HerbaceousVegetation
3056,Pasture
3057,Forest
3058,AnnualCrop
3059,Residential
3060,Highway
3061,SeaLake
3062,Pasture
3063,River
3064,PermanentCrop
3065,Pasture
3066,PermanentCrop
3067,Residential
3068,SeaLake
3069,Residential
3070,SeaLake
3071,SeaLake
3072,Highway
3073,Pasture
3074,Residential
3075,Forest
3076,SeaLake
3077,Forest
3078,HerbaceousVegetation
3079,Forest
3080,PermanentCrop
3081,PermanentCrop
3082,SeaLake
3083,SeaLake
3084,Pasture
3085,Highway
3086,PermanentCrop
3087,PermanentCrop
3088,Pasture
3089,Residential
3090,HerbaceousVegetation
3091,AnnualCrop
3092,SeaLake
3093,SeaLake
3094,PermanentCrop
3095,SeaLake
3096,Highway
3097,HerbaceousVegetation
3098,SeaLake
3099,SeaLake
3100,SeaLake
3101,River
3102,Residential
3103,SeaLake
3104,SeaLake
3105,Pasture
3106,SeaLake
3107,Highway
3108,Forest
3109,Industrial
3110,SeaLake
3111,Forest
3112,River
3113,PermanentCrop
3114,Highway
3115,SeaLake
3116,Forest
3117,SeaLake
3118,Highway
3119,Highway
3120,SeaLake
3121,SeaLake
3122,PermanentCrop
3123,Industrial
3124,SeaLake
3125,Forest
3126,PermanentCrop
3127,Pasture
3128,Forest
3129,SeaLake
3130,HerbaceousVegetation
3131,AnnualCrop
3132,Highway
3133,Highway
3134,SeaLake
3135,HerbaceousVegetation
3136,HerbaceousVegetation
3137,HerbaceousVegetation
3138,Pasture
3139,Highway
3140,AnnualCrop
3141,SeaLake
3142,SeaLake
3143,Residential
3144,Forest
3145,HerbaceousVegetation
3146,HerbaceousVegetation
3147,PermanentCrop
3148,SeaLake
3149,SeaLake
3150,SeaLake
3151,AnnualCrop
3152,SeaLake
3153,Industrial
3154,Highway
3155,Pasture
3156,HerbaceousVegetation
3157,HerbaceousVegetation
3158,Highway
3159,Highway
3160,Residential
3161,Highway
3162,Forest
3163,SeaLake
3164,PermanentCrop
3165,Highway
3166,HerbaceousVegetation
3167,Pasture
3168,Pasture
3169,PermanentCrop
3170,PermanentCrop
3171,PermanentCrop
3172,PermanentCrop
3173,River
3174,HerbaceousVegetation
3175,AnnualCrop
3176,PermanentCrop
3177,HerbaceousVegetation
3178,PermanentCrop
3179,Pasture
3180,HerbaceousVegetation
3181,River
3182,Industrial
3183,SeaLake
3184,Pasture
3185,Forest
3186,Industrial
3187,PermanentCrop
3188,SeaLake
3189,HerbaceousVegetation
3190,SeaLake
3191,HerbaceousVegetation
3192,Forest
3193,Forest
3194,Industrial
3195,SeaLake
3196,SeaLake
3197,Pasture
3198,HerbaceousVegetation
3199,PermanentCrop
3200,SeaLake
3201,River
3202,Forest
3203,SeaLake
3204,Highway
3205,AnnualCrop
3206,Highway
3207,Highway
3208,Forest
3209,Pasture
3210,SeaLake
3211,Highway
3212,Residential
3213,SeaLake
3214,SeaLake
3215,Industrial
3216,River
3217,PermanentCrop
3218,SeaLake
3219,Industrial
3220,Pasture
3221,SeaLake
3222,SeaLake
3223,Pasture
3224,PermanentCrop
3225,Pasture
3226,PermanentCrop
3227,Pasture
3228,Forest
3229,Highway
3230,Pasture
3231,Residential
3232,Pasture
3233,HerbaceousVegetation
3234,PermanentCrop
3235,Highway
3236,PermanentCrop
3237,SeaLake
3238,Pasture
3239,SeaLake
3240,Pasture
3241,Residential
3242,PermanentCrop
3243,Highway
3244,SeaLake
3245,SeaLake
3246,Highway
3247,HerbaceousVegetation
3248,Industrial
3249,Residential
3250,Pasture
3251,Industrial
3252,PermanentCrop
3253,River
3254,Forest
3255,SeaLake
3256,SeaLake
3257,Industrial
3258,SeaLake
3259,Pasture
3260,Highway
3261,PermanentCrop
3262,SeaLake
3263,SeaLake
3264,Highway
3265,Pasture
3266,PermanentCrop
3267,Pasture
3268,PermanentCrop
3269,Highway
3270,PermanentCrop
3271,SeaLake
3272,Highway
3273,Pasture
3274,SeaLake
3275,SeaLake
3276,SeaLake
3277,Highway
3278,Pasture
3279,SeaLake
3280,Pasture
3281,SeaLake
3282,Forest
3283,Residential
3284,SeaLake
3285,Residential
3286,SeaLake
3287,Residential
3288,Pasture
3289,AnnualCrop
3290,Highway
3291,Pasture
3292,SeaLake
3293,SeaLake
3294,PermanentCrop
3295,Pasture
3296,AnnualCrop
3297,SeaLake
3298,AnnualCrop
3299,AnnualCrop
3300,Pasture
3301,HerbaceousVegetation
3302,HerbaceousVegetation
3303,Industrial
3304,HerbaceousVegetation
3305,Residential
3306,HerbaceousVegetation
3307,HerbaceousVegetation
3308,AnnualCrop
3309,HerbaceousVegetation
3310,Residential
3311,AnnualCrop
3312,SeaLake
3313,PermanentCrop
3314,Pasture
3315,SeaLake
3316,Industrial
3317,Industrial
3318,SeaLake
3319,SeaLake
3320,Highway
3321,PermanentCrop
3322,SeaLake
3323,Pasture
3324,Pasture
3325,SeaLake
3326,Residential
3327,PermanentCrop
3328,PermanentCrop
3329,SeaLake
3330,HerbaceousVegetation
3331,Pasture
3332,River
3333,HerbaceousVegetation
3334,SeaLake
3335,PermanentCrop
3336,Forest
3337,SeaLake
3338,SeaLake
3339,SeaLake
3340,HerbaceousVegetation
3341,AnnualCrop
3342,SeaLake
3343,Pasture
3344,HerbaceousVegetation
3345,AnnualCrop
3346,SeaLake
3347,Pasture
3348,Pasture
3349,HerbaceousVegetation
3350,Pasture
3351,PermanentCrop
3352,Highway
3353,Pasture
3354,SeaLake
3355,Pasture
3356,Residential
3357,HerbaceousVegetation
3358,SeaLake
3359,PermanentCrop
3360,SeaLake
3361,Highway
3362,SeaLake
3363,Pasture
3364,Highway
3365,Pasture
3366,River
3367,River
3368,River
3369,SeaLake
3370,AnnualCrop
3371,Forest
3372,Pasture
3373,SeaLake
3374,Highway
3375,PermanentCrop
3376,PermanentCrop
3377,Forest
3378,HerbaceousVegetation
3379,Forest
3380,PermanentCrop
3381,SeaLake
3382,PermanentCrop
3383,Residential
3384,SeaLake
3385,HerbaceousVegetation
3386,PermanentCrop
3387,AnnualCrop
3388,PermanentCrop
3389,Residential
3390,Forest
3391,Highway
3392,Industrial
3393,HerbaceousVegetation
3394,PermanentCrop
3395,Forest
3396,HerbaceousVegetation
3397,AnnualCrop
3398,SeaLake
3399,HerbaceousVegetation
3400,PermanentCrop
3401,HerbaceousVegetation
3402,Pasture
3403,PermanentCrop
3404,PermanentCrop
3405,SeaLake
3406,Pasture
3407,PermanentCrop
3408,Residential
3409,SeaLake
3410,SeaLake
3411,Highway
3412,HerbaceousVegetation
3413,HerbaceousVegetation
3414,Forest
3415,Residential
3416,SeaLake
3417,PermanentCrop
3418,SeaLake
3419,PermanentCrop
3420,Industrial
3421,AnnualCrop
3422,Highway
3423,Residential
3424,SeaLake
3425,Highway
3426,Pasture
3427,SeaLake
3428,River
3429,Pasture
3430,AnnualCrop
3431,HerbaceousVegetation
3432,PermanentCrop
3433,AnnualCrop
3434,Highway
3435,SeaLake
3436,HerbaceousVegetation
3437,HerbaceousVegetation
3438,PermanentCrop
3439,Forest
3440,PermanentCrop
3441,SeaLake
3442,Highway
3443,PermanentCrop
3444,HerbaceousVegetation
3445,SeaLake
3446,HerbaceousVegetation
3447,PermanentCrop
3448,Highway
3449,Pasture
3450,PermanentCrop
3451,HerbaceousVegetation
3452,SeaLake
3453,HerbaceousVegetation
3454,SeaLake
3455,Pasture
3456,HerbaceousVegetation
3457,AnnualCrop
3458,AnnualCrop
3459,Pasture
3460,Pasture
3461,PermanentCrop
3462,PermanentCrop
3463,SeaLake
3464,Pasture
3465,AnnualCrop
3466,Highway
3467,AnnualCrop
3468,Forest
3469,SeaLake
3470,PermanentCrop
3471,Highway
3472,Residential
3473,PermanentCrop
3474,SeaLake
3475,Highway
3476,PermanentCrop
3477,HerbaceousVegetation
3478,Pasture
3479,Highway
3480,AnnualCrop
3481,AnnualCrop
3482,Highway
3483,PermanentCrop
3484,Highway
3485,Industrial
3486,AnnualCrop
3487,Pasture
3488,Forest
3489,PermanentCrop
3490,AnnualCrop
3491,Residential
3492,Highway
3493,SeaLake
3494,Forest
3495,SeaLake
3496,Highway
3497,SeaLake
3498,HerbaceousVegetation
3499,Highway
3500,Highway
3501,Residential
3502,HerbaceousVegetation
3503,Forest
3504,SeaLake
3505,HerbaceousVegetation
3506,PermanentCrop
3507,Industrial
3508,Residential
3509,HerbaceousVegetation
3510,SeaLake
3511,SeaLake
3512,SeaLake
3513,AnnualCrop
3514,Residential
3515,SeaLake
3516,Residential
3517,Industrial
3518,SeaLake
3519,HerbaceousVegetation
3520,River
3521,SeaLake
3522,Pasture
3523,SeaLake
3524,Highway
3525,SeaLake
3526,AnnualCrop
3527,SeaLake
3528,Pasture
3529,HerbaceousVegetation
3530,HerbaceousVegetation
3531,Industrial
3532,Pasture
3533,PermanentCrop
3534,Highway
3535,Pasture
3536,SeaLake
3537,HerbaceousVegetation
3538,SeaLake
3539,Pasture
3540,HerbaceousVegetation
3541,SeaLake
3542,Highway
3543,PermanentCrop
3544,Pasture
3545,Highway
3546,SeaLake
3547,HerbaceousVegetation
3548,Forest
3549,Highway
3550,SeaLake
3551,Pasture
3552,AnnualCrop
3553,SeaLake
3554,HerbaceousVegetation
3555,HerbaceousVegetation
3556,SeaLake
3557,PermanentCrop
3558,SeaLake
3559,Highway
3560,HerbaceousVegetation
3561,Industrial
3562,HerbaceousVegetation
3563,Highway
3564,SeaLake
3565,Residential
3566,Highway
3567,SeaLake
3568,SeaLake
3569,Highway
3570,SeaLake
3571,Highway
3572,SeaLake
3573,SeaLake
3574,Pasture
3575,Highway
3576,Highway
3577,PermanentCrop
3578,Pasture
3579,SeaLake
3580,PermanentCrop
3581,Forest
3582,Residential
3583,Pasture
3584,Industrial
3585,SeaLake
3586,Forest
3587,SeaLake
3588,Pasture
3589,SeaLake
3590,Pasture
3591,Residential
3592,HerbaceousVegetation
3593,Pasture
3594,SeaLake
3595,SeaLake
3596,SeaLake
3597,PermanentCrop
3598,Pasture
3599,HerbaceousVegetation
3600,Pasture
3601,AnnualCrop
3602,SeaLake
3603,PermanentCrop
3604,SeaLake
3605,HerbaceousVegetation
3606,PermanentCrop
3607,Highway
3608,SeaLake
3609,Forest
3610,SeaLake
3611,SeaLake
3612,SeaLake
3613,AnnualCrop
3614,Forest
3615,Pasture
3616,SeaLake
3617,Forest
3618,PermanentCrop
3619,Highway
3620,SeaLake
3621,PermanentCrop
3622,Forest
3623,PermanentCrop
3624,PermanentCrop
3625,HerbaceousVegetation
3626,SeaLake
3627,Highway
3628,Forest
3629,SeaLake
3630,SeaLake
3631,PermanentCrop
3632,Pasture
3633,PermanentCrop
3634,Industrial
3635,Highway
3636,Forest
3637,SeaLake
3638,River
3639,SeaLake
3640,Residential
3641,Pasture
3642,PermanentCrop
3643,HerbaceousVegetation
3644,Pasture
3645,AnnualCrop
3646,Highway
3647,SeaLake
3648,PermanentCrop
3649,AnnualCrop
3650,HerbaceousVegetation
3651,HerbaceousVegetation
3652,Highway
3653,Highway
3654,PermanentCrop
3655,Industrial
3656,SeaLake
3657,AnnualCrop
3658,Highway
3659,PermanentCrop
3660,AnnualCrop
3661,PermanentCrop
3662,Forest
3663,AnnualCrop
3664,SeaLake
3665,SeaLake
3666,AnnualCrop
3667,Highway
3668,Pasture
3669,SeaLake
3670,Highway
3671,AnnualCrop
3672,HerbaceousVegetation
3673,PermanentCrop
3674,SeaLake
3675,SeaLake
3676,Residential
3677,SeaLake
3678,River
3679,AnnualCrop
3680,Pasture
3681,Highway
3682,AnnualCrop
3683,SeaLake
3684,Forest
3685,PermanentCrop
3686,PermanentCrop
3687,SeaLake
3688,PermanentCrop
3689,SeaLake
3690,SeaLake
3691,SeaLake
3692,SeaLake
3693,SeaLake
3694,Residential
3695,AnnualCrop
3696,SeaLake
3697,Pasture
3698,Residential
3699,AnnualCrop
3700,Pasture
3701,Residential
3702,SeaLake
3703,SeaLake
3704,SeaLake
3705,PermanentCrop
3706,PermanentCrop
3707,Pasture
3708,Highway
3709,Residential
3710,Pasture
3711,Pasture
3712,PermanentCrop
3713,Forest
3714,SeaLake
3715,PermanentCrop
3716,SeaLake
3717,Residential
3718,SeaLake
3719,SeaLake
3720,PermanentCrop
3721,Residential
3722,SeaLake
3723,PermanentCrop
3724,SeaLake
3725,Industrial
3726,SeaLake
3727,Industrial
3728,Pasture
3729,River
3730,PermanentCrop
3731,PermanentCrop
3732,SeaLake
3733,Residential
3734,SeaLake
3735,PermanentCrop
3736,Industrial
3737,Pasture
3738,Forest
3739,Forest
3740,PermanentCrop
3741,PermanentCrop
3742,Residential
3743,PermanentCrop
3744,Highway
3745,PermanentCrop
3746,Highway
3747,AnnualCrop
3748,HerbaceousVegetation
3749,Residential
3750,Industrial
3751,SeaLake
3752,PermanentCrop
3753,PermanentCrop
3754,Forest
3755,Industrial
3756,Forest
3757,SeaLake
3758,PermanentCrop
3759,HerbaceousVegetation
3760,AnnualCrop
3761,PermanentCrop
3762,PermanentCrop
3763,SeaLake
3764,Highway
3765,Residential
3766,PermanentCrop
3767,Pasture
3768,Forest
3769,Highway
3770,Highway
3771,SeaLake
3772,Residential
3773,Residential
3774,AnnualCrop
3775,AnnualCrop
3776,Industrial
3777,Highway
3778,PermanentCrop
3779,SeaLake
3780,SeaLake
3781,SeaLake
3782,HerbaceousVegetation
3783,Highway
3784,Residential
3785,SeaLake
3786,SeaLake
3787,Highway
3788,Highway
3789,PermanentCrop
3790,Pasture
3791,HerbaceousVegetation
3792,PermanentCrop
3793,Forest
3794,Pasture
3795,SeaLake
3796,Pasture
3797,HerbaceousVegetation
3798,SeaLake
3799,Highway
3800,HerbaceousVegetation
3801,Pasture
3802,AnnualCrop
3803,SeaLake
3804,Industrial
3805,SeaLake
3806,HerbaceousVegetation
3807,Forest
3808,AnnualCrop
3809,SeaLake
3810,Industrial
3811,Highway
3812,Forest
3813,Highway
3814,HerbaceousVegetation
3815,Highway
3816,Forest
3817,SeaLake
3818,PermanentCrop
3819,PermanentCrop
3820,PermanentCrop
3821,SeaLake
3822,PermanentCrop
3823,Residential
3824,SeaLake
3825,Highway
3826,Forest
3827,Highway
3828,AnnualCrop
3829,SeaLake
3830,HerbaceousVegetation
3831,Pasture
3832,Forest
3833,Industrial
3834,Pasture
3835,SeaLake
3836,SeaLake
3837,SeaLake
3838,PermanentCrop
3839,River
3840,SeaLake
3841,Industrial
3842,AnnualCrop
3843,Residential
3844,Forest
3845,HerbaceousVegetation
3846,SeaLake
3847,Residential
3848,Industrial
3849,SeaLake
3850,Residential
3851,Forest
3852,SeaLake
3853,SeaLake
3854,SeaLake
3855,Industrial
3856,Residential
3857,SeaLake
3858,SeaLake
3859,AnnualCrop
3860,SeaLake
3861,AnnualCrop
3862,SeaLake
3863,Highway
3864,Highway
3865,Forest
3866,River
3867,Industrial
3868,Residential
3869,Highway
3870,Forest
3871,Pasture
3872,AnnualCrop
3873,Residential
3874,SeaLake
3875,Residential
3876,Highway
3877,PermanentCrop
3878,Forest
3879,Pasture
3880,PermanentCrop
3881,HerbaceousVegetation
3882,PermanentCrop
3883,PermanentCrop
3884,Residential
3885,Industrial
3886,AnnualCrop
3887,SeaLake
3888,Residential
3889,AnnualCrop
3890,Pasture
3891,Pasture
3892,PermanentCrop
3893,HerbaceousVegetation
3894,PermanentCrop
3895,HerbaceousVegetation
3896,SeaLake
3897,Pasture
3898,Residential
3899,AnnualCrop
3900,SeaLake
3901,PermanentCrop
3902,SeaLake
3903,Pasture
3904,Residential
3905,AnnualCrop
3906,Highway
3907,Highway
3908,SeaLake
3909,Highway
3910,SeaLake
3911,Residential
3912,PermanentCrop
3913,Pasture
3914,SeaLake
3915,PermanentCrop
3916,SeaLake
3917,Industrial
3918,Residential
3919,SeaLake
3920,PermanentCrop
3921,Forest
3922,Pasture
3923,SeaLake
3924,SeaLake
3925,AnnualCrop
3926,SeaLake
3927,SeaLake
3928,HerbaceousVegetation
3929,Pasture
3930,Highway
3931,AnnualCrop
3932,Forest
3933,PermanentCrop
3934,SeaLake
3935,SeaLake
3936,SeaLake
3937,Industrial
3938,Highway
3939,SeaLake
3940,Highway
3941,SeaLake
3942,Pasture
3943,PermanentCrop
3944,Highway
3945,Pasture
3946,Highway
3947,HerbaceousVegetation
3948,SeaLake
3949,Pasture
3950,AnnualCrop
3951,Pasture
3952,Pasture
3953,HerbaceousVegetation
3954,HerbaceousVegetation
3955,SeaLake
3956,PermanentCrop
3957,SeaLake
3958,Highway
3959,AnnualCrop
3960,SeaLake
3961,Residential
3962,HerbaceousVegetation
3963,SeaLake
3964,HerbaceousVegetation
3965,SeaLake
3966,Residential
3967,River
3968,Forest
3969,SeaLake
3970,Residential
3971,Forest
3972,Pasture
3973,SeaLake
3974,Pasture
3975,Residential
3976,SeaLake
3977,AnnualCrop
3978,Forest
3979,Highway
3980,SeaLake
3981,HerbaceousVegetation
3982,Highway
3983,SeaLake
3984,SeaLake
3985,AnnualCrop
3986,PermanentCrop
3987,AnnualCrop
3988,Forest
3989,River
3990,PermanentCrop
3991,PermanentCrop
3992,PermanentCrop
3993,Pasture
3994,Forest
3995,Pasture
3996,HerbaceousVegetation
3997,HerbaceousVegetation
3998,Industrial
3999,Forest
4000,SeaLake
4001,Industrial
4002,Highway
4003,Pasture
4004,HerbaceousVegetation
4005,Highway
4006,SeaLake
4007,SeaLake
4008,Industrial
4009,SeaLake
4010,Pasture
4011,Pasture
4012,River
4013,Pasture
4014,SeaLake
4015,Industrial
4016,PermanentCrop
4017,SeaLake
4018,AnnualCrop
4019,HerbaceousVegetation
4020,SeaLake
4021,Forest
4022,Highway
4023,Highway
4024,AnnualCrop
4025,Pasture
4026,SeaLake
4027,Highway
4028,PermanentCrop
4029,Industrial
4030,River
4031,Highway
4032,SeaLake
4033,PermanentCrop
4034,SeaLake
4035,Pasture
4036,HerbaceousVegetation
4037,Highway
4038,Pasture
4039,SeaLake
4040,SeaLake
4041,SeaLake
4042,Highway
4043,SeaLake
4044,SeaLake
4045,Residential
4046,AnnualCrop
4047,SeaLake
4048,PermanentCrop
4049,PermanentCrop
4050,River
4051,HerbaceousVegetation
4052,Highway
4053,River
4054,Highway
4055,SeaLake
4056,AnnualCrop
4057,Pasture
4058,SeaLake
4059,SeaLake
4060,PermanentCrop
4061,Forest
4062,SeaLake
4063,HerbaceousVegetation
4064,SeaLake
4065,SeaLake
4066,Pasture
4067,SeaLake
4068,PermanentCrop
4069,River
4070,AnnualCrop
4071,PermanentCrop
4072,Residential
4073,PermanentCrop
4074,Residential
4075,SeaLake
4076,PermanentCrop
4077,SeaLake
4078,PermanentCrop
4079,Industrial
4080,AnnualCrop
4081,PermanentCrop
4082,PermanentCrop
4083,SeaLake
4084,Industrial
4085,SeaLake
4086,Industrial
4087,Residential
4088,SeaLake
4089,SeaLake
4090,HerbaceousVegetation
4091,SeaLake
4092,SeaLake
4093,SeaLake
4094,PermanentCrop
4095,Pasture
4096,Residential
4097,Pasture
4098,River
4099,SeaLake
4100,Highway
4101,SeaLake
4102,Pasture
4103,HerbaceousVegetation
4104,SeaLake
4105,SeaLake
4106,PermanentCrop
4107,SeaLake
4108,PermanentCrop
4109,SeaLake
4110,SeaLake
4111,HerbaceousVegetation
4112,HerbaceousVegetation
4113,Pasture
4114,SeaLake
4115,PermanentCrop
4116,AnnualCrop
4117,HerbaceousVegetation
4118,Highway
4119,SeaLake
4120,Pasture
4121,Pasture
4122,PermanentCrop
4123,Pasture
4124,Highway
4125,Forest
4126,Highway
4127,HerbaceousVegetation
4128,SeaLake
4129,Pasture
4130,SeaLake
4131,SeaLake
4132,Highway
4133,PermanentCrop
4134,Residential
4135,SeaLake
4136,Highway
4137,Highway
4138,Forest
4139,PermanentCrop
4140,Pasture
4141,Forest
4142,AnnualCrop
4143,Forest
4144,AnnualCrop
4145,PermanentCrop
4146,River
4147,PermanentCrop
4148,Pasture
4149,Residential
4150,Pasture
4151,Residential
4152,Pasture
4153,HerbaceousVegetation
4154,Highway
4155,Pasture
4156,SeaLake
4157,PermanentCrop
4158,Pasture
4159,PermanentCrop
4160,PermanentCrop
4161,Highway
4162,Residential
4163,Forest
4164,PermanentCrop
4165,Highway
4166,HerbaceousVegetation
4167,AnnualCrop
4168,SeaLake
4169,Highway
4170,SeaLake
4171,Highway
4172,Highway
4173,PermanentCrop
4174,River
4175,AnnualCrop
4176,Residential
4177,AnnualCrop
4178,PermanentCrop
4179,Highway
4180,PermanentCrop
4181,HerbaceousVegetation
4182,Pasture
4183,HerbaceousVegetation
4184,SeaLake
4185,HerbaceousVegetation
4186,AnnualCrop
4187,HerbaceousVegetation
4188,PermanentCrop
4189,SeaLake
4190,Pasture
4191,AnnualCrop
4192,PermanentCrop
4193,SeaLake
4194,AnnualCrop
4195,HerbaceousVegetation
4196,Highway
4197,SeaLake
4198,SeaLake
4199,PermanentCrop
4200,Pasture
4201,PermanentCrop
4202,Highway
4203,PermanentCrop
4204,AnnualCrop
4205,PermanentCrop
4206,SeaLake
4207,Forest
4208,River
4209,Pasture
4210,Industrial
4211,Residential
4212,HerbaceousVegetation
4213,Residential
4214,Forest
4215,Highway
4216,PermanentCrop
4217,Industrial
4218,Forest
4219,PermanentCrop
4220,PermanentCrop
4221,HerbaceousVegetation
4222,Forest
4223,Residential
4224,SeaLake
4225,SeaLake
4226,HerbaceousVegetation
4227,Pasture
4228,Highway
4229,Highway
4230,Residential
4231,Forest
